AINP Eng Crit,http://www.albertacanada.com/opportunity/programs-and-forms/ainp-srs-engineering-occupations-criteria.aspx
AINP EDS,http://www.albertacanada.com/opportunity/programs-and-forms/ainp-eds-employer-driven-stream.aspx
AINP Farmer,http://www.albertacanada.com/opportunity/programs-and-forms/ainp-farmer-stream.aspx
AINP Int Grad Crit,http://www.albertacanada.com/opportunity/programs-and-forms/ainp-eds-international-graduate-criteria.aspx
AINP News,http://www.albertacanada.com/opportunity/immigrating/ainp-news.aspx
AINP PostGrad,http://www.albertacanada.com/opportunity/programs-and-forms/srs-post-graduate-worker.aspx
AINP SemiSkilled,http://www.albertacanada.com/opportunity/programs-and-forms/ainp-eds-semi-skilled-criteria.aspx
AINP Strat Recr,http://www.albertacanada.com/opportunity/programs-and-forms/ainp-srs-strategic-recruitment-stream.aspx
AINP SW,http://www.albertacanada.com/opportunity/programs-and-forms/ainp-eds-skilled-worker-criteria.aspx
AINP Trades,http://www.albertacanada.com/opportunity/programs-and-forms/ainp-srs-compulsory-optional-trades-criteria.aspx
AINP,http://www.albertacanada.com/opportunity/immigrating/ainp.aspx
BCPNP Welcome,http://www.welcomebc.ca/pnp
BCPNP-EE,https://www.welcomebc.ca/Immigrate-to-B-C/BC-PNP-Express-Entry-B-C
BCPNP Immigrate,http://www.welcomebc.ca/Immigrate/Immigrate.aspx
BCPNP,https://www.welcomebc.ca/Immigrate-to-B-C/B-C-Provincial-Nominee-Program
BCPNP-EE-HealthCare,https://www.welcomebc.ca/Immigrate-to-B-C/BC-PNP-Express-Entry-B-C/Express-Entry-Health-Care-Professional
BCPNP-EE-IntGrad,https://www.welcomebc.ca/Immigrate-to-B-C/BC-PNP-Express-Entry-B-C/EEBC-International-Graduate
BCPNP-EE-IntPostGrad,https://www.welcomebc.ca/Immigrate-to-B-C/BC-PNP-Express-Entry-B-C/EEBC-International-Post-Graduate
BCPNP-EESW,https://www.welcomebc.ca/Immigrate-to-B-C/BC-PNP-Express-Entry-B-C/EEBC-Skilled-Worker
BCPNP-Ent,https://www.welcomebc.ca/Immigrate-to-B-C/BC-PNP-Entrepreneur-Immigration
BCPNP-EntrpReqs,https://www.welcomebc.ca/Immigrate-to-B-C/BC-PNP-Entrepreneur-Immigration/Program-Requirements
BCPNP-EntrStratPrjs,https://www.welcomebc.ca/Immigrate-to-B-C/BC-PNP-Entrepreneur-Immigration/Strategic-Projects
BCPNP-EntryLevelSS,https://www.welcomebc.ca/Immigrate-to-B-C/BC-PNP-Skills-Immigration/Entre-Level-and-Semi-Skilled
BCPNP-HealthCare,https://www.welcomebc.ca/Immigrate-to-B-C/BC-PNP-Skills-Immigration/Health-Care-Professional
BCPNP-IntGrad,https://www.welcomebc.ca/Immigrate-to-B-C/BC-PNP-Skills-Immigration/International-Graduate
BCPNP-IntPostGrad,https://www.welcomebc.ca/Immigrate-to-B-C/BC-PNP-Skills-Immigration/International-Post-Graduate
BCPNP-SkillsImm,https://www.welcomebc.ca/Immigrate-to-B-C/BC-PNP-Skills-Immigration
BCPNP-SW,https://www.welcomebc.ca/Immigrate-to-B-C/BC-PNP-Skills-Immigration/Skilled-Worker
CIC Apply,http://www.cic.gc.ca/english/immigrate/apply.asp
CIC Backgrounders,http://news.gc.ca/web/nwsprdct-en.do?mthd=tp&crtr.tp1D=930
CIC Can Gazette,http://gazette.gc.ca/rp-pr/p1/index-eng.html
CIC CEC,http://www.cic.gc.ca/english/immigrate/cec/apply-who.asp
CIC EE Rounds,http://www.cic.gc.ca/english/express-entry/rounds.asp
CIC EE,http://www.cic.gc.ca/english/express-entry/index.asp
CIC FSW Apply,http://www.cic.gc.ca/english/immigrate/skilled/apply-how.asp
CIC Info Sponsors,http://www.cic.gc.ca/english/resources/publications/family-sponsorship.asp
CIC Investor,http://www.cic.gc.ca/english/immigrate/business/iivc/index.asp
CIC LIC Apply,http://www.cic.gc.ca/english/work/caregiver/apply-how.asp
CIC LIC,http://www.cic.gc.ca/english/work/caregiver/index.asp
CIC MI,http://www.cic.gc.ca/english/department/mi/
CIC Notices,http://www.cic.gc.ca/english/department/media/notices/index.asp
CIC PNPs  Apply,http://www.cic.gc.ca/english/immigrate/provincial/apply-how.asp
CIC PNPs,http://www.cic.gc.ca/english/immigrate/provincial/index.asp
CIC Program Updates,http://www.cic.gc.ca/english/resources/tools/updates.asp?subject=
CIC Proof of Funds,http://www.cic.gc.ca/english/immigrate/skilled/funds.asp
CIC Publications,http://www.cic.gc.ca/english/resources/publications/index.asp
CIC QSW Apply,http://www.cic.gc.ca/english/immigrate/quebec/apply-how.asp
CIC QSW,http://www.cic.gc.ca/english/immigrate/quebec/index.asp
CIC Self Employed,http://www.cic.gc.ca/english/immigrate/business/self-employed/index.asp
CIC Sponsor Relatives,http://www.cic.gc.ca/english/immigrate/sponsor/relatives.asp
CIC Sponsor Spouse,http://www.cic.gc.ca/english/immigrate/sponsor/spouse.asp
CIC Start Up,http://www.cic.gc.ca/english/immigrate/business/start-up/index.asp
CIC Supervisa,http://www.cic.gc.ca/english/visit/supervisa-who.asp
CIC Trades Apply,http://www.cic.gc.ca/english/immigrate/trades/apply-who.asp
Cohen Latest,http://www.canadavisa.com/news/latest.html
MB EOI Draws,http://www.immigratemanitoba.com/category/mpnp-notices/eoi-draw/
MB FAQ,http://www.immigratemanitoba.com/category/faq/
MB PNP FAQ,http://www.immigratemanitoba.com/immigrate-to-manitoba/mpnp-frequently-asked-questions/
MB Farms FAQ,http://www.immigratemanitoba.com/category/faq/fsri-faq/
MB Farms FSRI,http://www.immigratemanitoba.com/immigrate-to-manitoba/fsri/
MB Immigrate 2,http://www.immigratemanitoba.com/
MB Immigrate,http://www.immigratemanitoba.com/immigrate-to-manitoba/
MB PNP Business,http://www.immigratemanitoba.com/immigrate-to-manitoba/mpnp-for-business/
MB Strats Initiatives,http://www.immigratemanitoba.com/category/mpnp-notices/strategic-initiatives/
MB SWM FAQ,http://www.immigratemanitoba.com/category/faq/swm-faq/
MB SWM,http://www.immigratemanitoba.com/immigrate-to-manitoba/swm/
MB SWO FAQ,http://www.immigratemanitoba.com/category/faq/swo-faq/
MB SWO,http://www.immigratemanitoba.com/immigrate-to-manitoba/swo/
NB Living In NB,http://livinginnb.ca/
NB AINP,http://www.welcomenb.ca/content/wel-bien/en/Employers/content/Atlantic_Immigration_Pilot_Project.html
NB EE How,http://www.welcomenb.ca/content/wel-bien/en/immigrating/content/HowToImmigrate/NBProvincialNomineeProgram/ExpressEntry.html
NB EE Eligib Criteria,http://www.welcomenb.ca/content/wel-bien/en/immigrating/content/HowToImmigrate/NBProvincialNomineeProgram/ExpressEntry/eligibility_criteria.html
NB PNP How,http://www.welcomenb.ca/content/wel-bien/en/immigrating/content/HowToImmigrate/NBProvincialNomineeProgram.html
NL AIPP,http://www.nlimmigration.ca/en/employer/atlantic-immigration-pilot-program.aspx
NL EE SW,http://www.nlpnp.ca/expressentryskilledworker.html
NL Notices,http://www.nlpnp.ca/notices.html
NL PNP Apply,http://www.nlpnp.ca/apply.html
NL PNP,http://www.nlpnp.ca/
NS AIPP,http://novascotiaimmigration.com/help-for-employers/atlantic-immigration-pilot/
NS SW,http://novascotiaimmigration.com/move-here/skilled-worker/
NS Dem EE,http://novascotiaimmigration.com/move-here/nova-scotia-demand-express-entry/
NS Entrepreneur,http://novascotiaimmigration.com/move-here/entrepreneur/
NS Exp EE,http://novascotiaimmigration.com/move-here/nova-scotia-experience-express-entry/
NS Immigrate,http://novascotiaimmigration.com/immigrate/
NS Int Grad Entr,http://novascotiaimmigration.com/move-here/international-graduate-entrepreneur/
NS Online System,https://accesstobusiness.snsmr.gov.ns.ca/a2b_web/immigration/startUp.jsf
NWT Info,http://www.immigratenwt.ca/northwest-territories-living-here
NWT Invest,http://www.immigratenwt.ca/invest-northwest-territories
OI News,http://www.ontarioimmigration.ca/en/news/index.htm
OI PNP About,http://www.ontarioimmigration.ca/OI/en/pnp/OI_PNPABOUT.html
OI PNP EE Capital,http://www.ontarioimmigration.ca/en/pnp/OI_PNP_EE_CAPITAL.html
OI PNP EE French,http://www.ontarioimmigration.ca/en/pnp/OI_PNP_EE_FRENCH.html
OI PNP EE,http://www.ontarioimmigration.ca/en/pnp/OI_PNP_EE.html
OI PNP Masters,http://www.ontarioimmigration.ca/OI/en/pnp/OI_PNPSTUDENTS_MASTERS.html
OI PNP PhD,http://www.ontarioimmigration.ca/OI/en/pnp/OI_PNPSTUDENTS_PHD.html
OI PNP Students,http://www.ontarioimmigration.ca/OI/en/pnp/OI_PNPSTUDENTS_JOB.html
OI PNP Workers,http://www.ontarioimmigration.ca/OI/en/pnp/OI_PNPWORKERS.html
PEI AIPP Employers,https://www.princeedwardisland.ca/en/information/office-immigration/atlantic-immigration-pilot-employers
PEI AIPP,https://www.princeedwardisland.ca/en/topic/atlantic-immigration-pilot
PEI Business,https://www.princeedwardisland.ca/en/information/office-immigration/opening-or-acquiring-business
PEI Crit Workers,https://www.princeedwardisland.ca/en/information/office-immigration/critical-workers
PEI EE,https://www.princeedwardisland.ca/en/information/office-immigration/pei-express-entry
PEI Immigration,https://www.princeedwardisland.ca/en/topic/office-immigration
PEI Int Grads,https://www.princeedwardisland.ca/en/information/office-immigration/international-graduates
PEI SW,https://www.princeedwardisland.ca/en/information/office-immigration/skilled-workers
QC Main FR,http://www.immigration-quebec.gouv.qc.ca/fr/index.html
YK PNP,http://www.education.gov.yk.ca/YNP.html
